frame,nose_x,nose_y,nose_z,nose_visibility,left_eye_inner_x,left_eye_inner_y,left_eye_inner_z,left_eye_inner_visibility,left_eye_x,left_eye_y,left_eye_z,left_eye_visibility,left_eye_outer_x,left_eye_outer_y,left_eye_outer_z,left_eye_outer_visibility,right_eye_inner_x,right_eye_inner_y,right_eye_inner_z,right_eye_inner_visibility,right_eye_x,right_eye_y,right_eye_z,right_eye_visibility,right_eye_outer_x,right_eye_outer_y,right_eye_outer_z,right_eye_outer_visibility,left_ear_x,left_ear_y,left_ear_z,left_ear_visibility,right_ear_x,right_ear_y,right_ear_z,right_ear_visibility,mouth_left_x,mouth_left_y,mouth_left_z,mouth_left_visibility,mouth_right_x,mouth_right_y,mouth_right_z,mouth_right_visibility,left_shoulder_x,left_shoulder_y,left_shoulder_z,left_shoulder_visibility,right_shoulder_x,right_shoulder_y,right_shoulder_z,right_shoulder_visibility,left_elbow_x,left_elbow_y,left_elbow_z,left_elbow_visibility,right_elbow_x,right_elbow_y,right_elbow_z,right_elbow_visibility,left_wrist_x,left_wrist_y,left_wrist_z,left_wrist_visibility,right_wrist_x,right_wrist_y,right_wrist_z,right_wrist_visibility,left_pinky_x,left_pinky_y,left_pinky_z,left_pinky_visibility,right_pinky_x,right_pinky_y,right_pinky_z,right_pinky_visibility,left_index_x,left_index_y,left_index_z,left_index_visibility,right_index_x,right_index_y,right_index_z,right_index_visibility,left_thumb_x,left_thumb_y,left_thumb_z,left_thumb_visibility,right_thumb_x,right_thumb_y,right_thumb_z,right_thumb_visibility,left_hip_x,left_hip_y,left_hip_z,left_hip_visibility,right_hip_x,right_hip_y,right_hip_z,right_hip_visibility,left_knee_x,left_knee_y,left_knee_z,left_knee_visibility,right_knee_x,right_knee_y,right_knee_z,right_knee_visibility,left_ankle_x,left_ankle_y,left_ankle_z,left_ankle_visibility,right_ankle_x,right_ankle_y,right_ankle_z,right_ankle_visibility,left_heel_x,left_heel_y,left_heel_z,left_heel_visibility,right_heel_x,right_heel_y,right_heel_z,right_heel_visibility,left_foot_index_x,left_foot_index_y,left_foot_index_z,left_foot_index_visibility,right_foot_index_x,right_foot_index_y,right_foot_index_z,right_foot_index_visibility
1,0.89479167,0.52129630,0.0,1.0,,,,,,,,,,,,,,,,,,,,,,,,,,,,,,,,,,,,,,,,,,,,,,,,,,,,,,,,,,,,,,,,,,,,,,,,,,,,,,,,,,,,,,,,,,,,,0.94218750,0.54166667,0.0,1.0,,,,,,,,,,,,,,,,,,,,,,,,,,,,,0.96406250,0.53194444,0.0,1.0
16,0.88750000,0.52361111,0.0,1.0,,,,,,,,,,,,,,,,,,,,,,,,,,,,,,,,,,,,,,,,,,,,,,,,,,,,,,,,,,,,,,,,,,,,,,,,,,,,,,,,,,,,,,,,,,,,,0.93802083,0.54027778,0.0,1.0,,,,,,,,,,,,,,,,,,,,,,,,,,,,,0.96953125,0.52962963,0.0,1.0
31,0.86484375,0.52592593,0.0,1.0,,,,,,,,,,,,,,,,,,,,,,,,,,,,,,,,,,,,,,,,,,,,,,,,,,,,,,,,,,,,,,,,,,,,,,,,,,,,,,,,,,,,,,,,,,,,,0.91354167,0.54675926,0.0,1.0,,,,,,,,,,,,,,,,,,,,,,,,,,,,,0.96953125,0.52870370,0.0,1.0
46,0.82265625,0.53472222,0.0,1.0,,,,,,,,,,,,,,,,,,,,,,,,,,,,,,,,,,,,,,,,,,,,,,,,,,,,,,,,,,,,,,,,,,,,,,,,,,,,,,,,,,,,,,,,,,,,,0.86692708,0.54444444,0.0,1.0,,,,,,,,,,,,,,,,,,,,,,,,,,,,,0.93776042,0.53425926,0.0,1.0
61,0.78984375,0.54120370,0.0,1.0,,,,,,,,,,,,,,,,,,,,,,,,,,,,,,,,,,,,,,,,,,,,,,,,,,,,,,,,,,,,,,,,,,,,,,,,,,,,,,,,,,,,,,,,,,,,,0.83125000,0.54305556,0.0,1.0,,,,,,,,,,,,,,,,,,,,,,,,,,,,,0.89505208,0.54305556,0.0,1.0
76,0.76562500,0.55000000,0.0,1.0,,,,,,,,,,,,,,,,,,,,,,,,,,,,,,,,,,,,,,,,,,,,,,,,,,,,,,,,,,,,,,,,,,,,,,,,,,,,,,,,,,,,,,,,,,,,,0.80234375,0.53981481,0.0,1.0,,,,,,,,,,,,,,,,,,,,,,,,,,,,,0.85520833,0.55833333,0.0,1.0
91,0.74166667,0.54305556,0.0,1.0,,,,,,,,,,,,,,,,,,,,,,,,,,,,,,,,,,,,,,,,,,,,,,,,,,,,,,,,,,,,,,,,,,,,,,,,,,,,,,,,,,,,,,,,,,,,,0.77942708,0.55740741,0.0,1.0,,,,,,,,,,,,,,,,,,,,,,,,,,,,,0.83333333,0.52268519,0.0,1.0
106,0.71822917,0.54305556,0.0,1.0,,,,,,,,,,,,,,,,,,,,,,,,,,,,,,,,,,,,,,,,,,,,,,,,,,,,,,,,,,,,,,,,,,,,,,,,,,,,,,,,,,,,,,,,,,,,,0.75416667,0.55138889,0.0,1.0,,,,,,,,,,,,,,,,,,,,,,,,,,,,,0.81328125,0.55462963,0.0,1.0
121,0.70234375,0.54722222,0.0,1.0,,,,,,,,,,,,,,,,,,,,,,,,,,,,,,,,,,,,,,,,,,,,,,,,,,,,,,,,,,,,,,,,,,,,,,,,,,,,,,,,,,,,,,,,,,,,,0.73411458,0.54722222,0.0,1.0,,,,,,,,,,,,,,,,,,,,,,,,,,,,,0.77942708,0.57129630,0.0,1.0
136,0.68098958,0.53611111,0.0,1.0,,,,,,,,,,,,,,,,,,,,,,,,,,,,,,,,,,,,,,,,,,,,,,,,,,,,,,,,,,,,,,,,,,,,,,,,,,,,,,,,,,,,,,,,,,,,,0.71536458,0.55740741,0.0,1.0,,,,,,,,,,,,,,,,,,,,,,,,,,,,,0.77083333,0.53287037,0.0,1.0
151,0.66406250,0.53842593,0.0,1.0,,,,,,,,,,,,,,,,,,,,,,,,,,,,,,,,,,,,,,,,,,,,,,,,,,,,,,,,,,,,,,,,,,,,,,,,,,,,,,,,,,,,,,,,,,,,,0.69583333,0.54166667,0.0,1.0,,,,,,,,,,,,,,,,,,,,,,,,,,,,,0.74765625,0.56990741,0.0,1.0
166,0.65052083,0.53796296,0.0,1.0,,,,,,,,,,,,,,,,,,,,,,,,,,,,,,,,,,,,,,,,,,,,,,,,,,,,,,,,,,,,,,,,,,,,,,,,,,,,,,,,,,,,,,,,,,,,,0.68072917,0.54120370,0.0,1.0,,,,,,,,,,,,,,,,,,,,,,,,,,,,,0.71848958,0.56342593,0.0,1.0
181,0.63177083,0.53009259,0.0,1.0,,,,,,,,,,,,,,,,,,,,,,,,,,,,,,,,,,,,,,,,,,,,,,,,,,,,,,,,,,,,,,,,,,,,,,,,,,,,,,,,,,,,,,,,,,,,,0.66302083,0.54722222,0.0,1.0,,,,,,,,,,,,,,,,,,,,,,,,,,,,,0.71223958,0.52638889,0.0,1.0
196,0.61875000,0.53425926,0.0,1.0,,,,,,,,,,,,,,,,,,,,,,,,,,,,,,,,,,,,,,,,,,,,,,,,,,,,,,,,,,,,,,,,,,,,,,,,,,,,,,,,,,,,,,,,,,,,,0.64609375,0.53055556,0.0,1.0,,,,,,,,,,,,,,,,,,,,,,,,,,,,,0.69036458,0.56064815,0.0,1.0
211,0.60390625,0.53009259,0.0,1.0,,,,,,,,,,,,,,,,,,,,,,,,,,,,,,,,,,,,,,,,,,,,,,,,,,,,,,,,,,,,,,,,,,,,,,,,,,,,,,,,,,,,,,,,,,,,,0.63515625,0.53842593,0.0,1.0,,,,,,,,,,,,,,,,,,,,,,,,,,,,,0.67473958,0.54074074,0.0,1.0
226,0.58750000,0.52592593,0.0,1.0,,,,,,,,,,,,,,,,,,,,,,,,,,,,,,,,,,,,,,,,,,,,,,,,,,,,,,,,,,,,,,,,,,,,,,,,,,,,,,,,,,,,,,,,,,,,,0.61822917,0.53703704,0.0,1.0,,,,,,,,,,,,,,,,,,,,,,,,,,,,,0.66614583,0.52777778,0.0,1.0
241,0.57708333,0.52962963,0.0,1.0,,,,,,,,,,,,,,,,,,,,,,,,,,,,,,,,,,,,,,,,,,,,,,,,,,,,,,,,,,,,,,,,,,,,,,,,,,,,,,,,,,,,,,,,,,,,,0.60260417,0.52453704,0.0,1.0,,,,,,,,,,,,,,,,,,,,,,,,,,,,,0.64479167,0.55370370,0.0,1.0
256,0.56276042,0.52500000,0.0,1.0,,,,,,,,,,,,,,,,,,,,,,,,,,,,,,,,,,,,,,,,,,,,,,,,,,,,,,,,,,,,,,,,,,,,,,,,,,,,,,,,,,,,,,,,,,,,,0.59218750,0.53472222,0.0,1.0,,,,,,,,,,,,,,,,,,,,,,,,,,,,,0.63203125,0.52500000,0.0,1.0
271,0.54739583,0.52037037,0.0,1.0,,,,,,,,,,,,,,,,,,,,,,,,,,,,,,,,,,,,,,,,,,,,,,,,,,,,,,,,,,,,,,,,,,,,,,,,,,,,,,,,,,,,,,,,,,,,,0.57526042,0.53240741,0.0,1.0,,,,,,,,,,,,,,,,,,,,,,,,,,,,,0.62213542,0.52916667,0.0,1.0
286,0.53593750,0.52685185,0.0,1.0,,,,,,,,,,,,,,,,,,,,,,,,,,,,,,,,,,,,,,,,,,,,,,,,,,,,,,,,,,,,,,,,,,,,,,,,,,,,,,,,,,,,,,,,,,,,,0.56041667,0.51898148,0.0,1.0,,,,,,,,,,,,,,,,,,,,,,,,,,,,,0.60026042,0.54768519,0.0,1.0
301,0.52291667,0.51898148,0.0,1.0,,,,,,,,,,,,,,,,,,,,,,,,,,,,,,,,,,,,,,,,,,,,,,,,,,,,,,,,,,,,,,,,,,,,,,,,,,,,,,,,,,,,,,,,,,,,,0.55052083,0.53240741,0.0,1.0,,,,,,,,,,,,,,,,,,,,,,,,,,,,,0.59088542,0.51851852,0.0,1.0
316,0.50911458,0.51481481,0.0,1.0,,,,,,,,,,,,,,,,,,,,,,,,,,,,,,,,,,,,,,,,,,,,,,,,,,,,,,,,,,,,,,,,,,,,,,,,,,,,,,,,,,,,,,,,,,,,,0.53567708,0.52407407,0.0,1.0,,,,,,,,,,,,,,,,,,,,,,,,,,,,,0.58229167,0.52592593,0.0,1.0
331,0.49895833,0.51944444,0.0,1.0,,,,,,,,,,,,,,,,,,,,,,,,,,,,,,,,,,,,,,,,,,,,,,,,,,,,,,,,,,,,,,,,,,,,,,,,,,,,,,,,,,,,,,,,,,,,,0.52239583,0.51620370,0.0,1.0,,,,,,,,,,,,,,,,,,,,,,,,,,,,,0.55755208,0.54120370,0.0,1.0
346,0.48437500,0.51250000,0.0,1.0,,,,,,,,,,,,,,,,,,,,,,,,,,,,,,,,,,,,,,,,,,,,,,,,,,,,,,,,,,,,,,,,,,,,,,,,,,,,,,,,,,,,,,,,,,,,,0.51197917,0.52731481,0.0,1.0,,,,,,,,,,,,,,,,,,,,,,,,,,,,,0.54843750,0.50787037,0.0,1.0
361,0.47083333,0.51157407,0.0,1.0,,,,,,,,,,,,,,,,,,,,,,,,,,,,,,,,,,,,,,,,,,,,,,,,,,,,,,,,,,,,,,,,,,,,,,,,,,,,,,,,,,,,,,,,,,,,,0.49713542,0.52129630,0.0,1.0,,,,,,,,,,,,,,,,,,,,,,,,,,,,,0.54244792,0.52592593,0.0,1.0
376,0.46171875,0.51712963,0.0,1.0,,,,,,,,,,,,,,,,,,,,,,,,,,,,,,,,,,,,,,,,,,,,,,,,,,,,,,,,,,,,,,,,,,,,,,,,,,,,,,,,,,,,,,,,,,,,,0.48515625,0.51574074,0.0,1.0,,,,,,,,,,,,,,,,,,,,,,,,,,,,,0.52031250,0.53287037,0.0,1.0
391,0.44661458,0.50694444,0.0,1.0,,,,,,,,,,,,,,,,,,,,,,,,,,,,,,,,,,,,,,,,,,,,,,,,,,,,,,,,,,,,,,,,,,,,,,,,,,,,,,,,,,,,,,,,,,,,,0.47447917,0.52546296,0.0,1.0,,,,,,,,,,,,,,,,,,,,,,,,,,,,,0.51380208,0.50185185,0.0,1.0
406,0.43307292,0.50648148,0.0,1.0,,,,,,,,,,,,,,,,,,,,,,,,,,,,,,,,,,,,,,,,,,,,,,,,,,,,,,,,,,,,,,,,,,,,,,,,,,,,,,,,,,,,,,,,,,,,,0.45911458,0.51111111,0.0,1.0,,,,,,,,,,,,,,,,,,,,,,,,,,,,,0.50494792,0.52731481,0.0,1.0
421,0.42317708,0.50555556,0.0,1.0,,,,,,,,,,,,,,,,,,,,,,,,,,,,,,,,,,,,,,,,,,,,,,,,,,,,,,,,,,,,,,,,,,,,,,,,,,,,,,,,,,,,,,,,,,,,,0.44609375,0.50879630,0.0,1.0,,,,,,,,,,,,,,,,,,,,,,,,,,,,,0.48203125,0.53009259,0.0,1.0
436,0.40911458,0.49398148,0.0,1.0,,,,,,,,,,,,,,,,,,,,,,,,,,,,,,,,,,,,,,,,,,,,,,,,,,,,,,,,,,,,,,,,,,,,,,,,,,,,,,,,,,,,,,,,,,,,,0.43463542,0.51666667,0.0,1.0,,,,,,,,,,,,,,,,,,,,,,,,,,,,,0.47786458,0.50231481,0.0,1.0
451,0.39479167,0.49305556,0.0,1.0,,,,,,,,,,,,,,,,,,,,,,,,,,,,,,,,,,,,,,,,,,,,,,,,,,,,,,,,,,,,,,,,,,,,,,,,,,,,,,,,,,,,,,,,,,,,,0.42135417,0.50694444,0.0,1.0,,,,,,,,,,,,,,,,,,,,,,,,,,,,,0.46406250,0.52314815,0.0,1.0
466,0.38541667,0.49537037,0.0,1.0,,,,,,,,,,,,,,,,,,,,,,,,,,,,,,,,,,,,,,,,,,,,,,,,,,,,,,,,,,,,,,,,,,,,,,,,,,,,,,,,,,,,,,,,,,,,,0.40859375,0.49351852,0.0,1.0,,,,,,,,,,,,,,,,,,,,,,,,,,,,,0.44557292,0.52361111,0.0,1.0
481,0.37083333,0.48425926,0.0,1.0,,,,,,,,,,,,,,,,,,,,,,,,,,,,,,,,,,,,,,,,,,,,,,,,,,,,,,,,,,,,,,,,,,,,,,,,,,,,,,,,,,,,,,,,,,,,,0.39661458,0.50185185,0.0,1.0,,,,,,,,,,,,,,,,,,,,,,,,,,,,,0.43619792,0.48981481,0.0,1.0
496,0.35677083,0.47962963,0.0,1.0,,,,,,,,,,,,,,,,,,,,,,,,,,,,,,,,,,,,,,,,,,,,,,,,,,,,,,,,,,,,,,,,,,,,,,,,,,,,,,,,,,,,,,,,,,,,,0.38437500,0.49722222,0.0,1.0,,,,,,,,,,,,,,,,,,,,,,,,,,,,,0.42812500,0.50509259,0.0,1.0
511,0.34661458,0.48009259,0.0,1.0,,,,,,,,,,,,,,,,,,,,,,,,,,,,,,,,,,,,,,,,,,,,,,,,,,,,,,,,,,,,,,,,,,,,,,,,,,,,,,,,,,,,,,,,,,,,,0.37135417,0.48611111,0.0,1.0,,,,,,,,,,,,,,,,,,,,,,,,,,,,,0.40989583,0.51342593,0.0,1.0
526,0.33489583,0.47407407,0.0,1.0,,,,,,,,,,,,,,,,,,,,,,,,,,,,,,,,,,,,,,,,,,,,,,,,,,,,,,,,,,,,,,,,,,,,,,,,,,,,,,,,,,,,,,,,,,,,,0.36223958,0.48981481,0.0,1.0,,,,,,,,,,,,,,,,,,,,,,,,,,,,,0.39817708,0.49166667,0.0,1.0
541,0.32135417,0.46435185,0.0,1.0,,,,,,,,,,,,,,,,,,,,,,,,,,,,,,,,,,,,,,,,,,,,,,,,,,,,,,,,,,,,,,,,,,,,,,,,,,,,,,,,,,,,,,,,,,,,,0.34739583,0.48750000,0.0,1.0,,,,,,,,,,,,,,,,,,,,,,,,,,,,,0.39296875,0.48379630,0.0,1.0
556,0.31145833,0.45694444,0.0,1.0,,,,,,,,,,,,,,,,,,,,,,,,,,,,,,,,,,,,,,,,,,,,,,,,,,,,,,,,,,,,,,,,,,,,,,,,,,,,,,,,,,,,,,,,,,,,,0.33723958,0.47731481,0.0,1.0,,,,,,,,,,,,,,,,,,,,,,,,,,,,,0.38411458,0.49305556,0.0,1.0
571,,,,0.0,,,,,,,,,,,,,,,,,,,,,,,,,,,,,,,,,,,,,,,,,,,,,,,,,,,,,,,,,,,,,,,,,,,,,,,,,,,,,,,,,,,,,,,,,,,,,0.32656250,0.47314815,0.0,1.0,,,,,,,,,,,,,,,,,,,,,,,,,,,,,0.37630208,0.47962963,0.0,1.0
586,,,,0.0,,,,,,,,,,,,,,,,,,,,,,,,,,,,,,,,,,,,,,,,,,,,,,,,,,,,,,,,,,,,,,,,,,,,,,,,,,,,,,,,,,,,,,,,,,,,,0.31770833,0.47083333,0.0,1.0,,,,,,,,,,,,,,,,,,,,,,,,,,,,,0.36744792,0.47175926,0.0,1.0
